"SNP","CHROM","POS","REF","ALT","Effect","SE","Cold_Day_1.FarmCPU"
"4_216301872",4,222768026,"A","T",2.52024196808639,0.423131916710665,2.76575214394706e-10
"7_75109443",7,79114277,"T","A",-1.55549552947873,0.289903658775632,3.46526705876981e-09
