"SNP","CHROM","POS","REF","ALT","Effect","SE","Cold_Day_3.FarmCPU"
"3_33757350",3,33897054,"C","G",-1.08361449389003,0.207740171096834,6.1933569769681e-09
"5_24730649",5,25638240,"G","A",1.33695525492748,0.279282919341926,1.04485725918891e-07
"5_164261942",5,167513782,"T","C",-3.44346288712044,0.740617952531265,1.67593607037433e-07
"6_162748670",6,174070020,"A","G",1.31960687866984,0.262675026709175,5.73304567643269e-08
"7_103033052",7,107667213,"T","C",2.6147514911126,0.500125510529692,7.32390989985432e-09
"9_105038510",9,109386079,"A","C",-1.38110213563042,0.276180392812363,5.49973339738622e-08
